diffbotUri	name	ground_truth
https://diffbot.com/entity/EHb0_0NEcMwyY8b083taTTw	Apple Inc.	TRUE
https://diffbot.com/entity/EUFq-3WlpNsq0pvfUYWXOEA	GOOGLE INC.	TRUE
https://diffbot.com/entity/EZ6w9akSkPweYBTenCPb46Q	Visa Inc.	TRUE
https://diffbot.com/entity/EIsFKrN_ZNLSWsvxdQfWutQ	Microsoft Corporation	TRUE
https://diffbot.com/entity/E41nIhduJOQ2cyRUTPJnC0Q	Mastercard Incorporated	TRUE
https://diffbot.com/entity/E9QcCMms9Ozy69yX2_IKUKw	Netflix, Inc.	TRUE
https://diffbot.com/entity/EBf5e3APPONC7jNDFaNKkCw	Aeroflot	TRUE
https://diffbot.com/entity/EYH2QLF_QO0aMqV0IsXPEmQ	RT	TRUE
https://diffbot.com/entity/E6u0UxQ9yPX658fWRbg0bkA	FIFA	TRUE
https://diffbot.com/entity/EecSWTKP4PPe9oA15nHSFJg	McDonald’s	TRUE
https://diffbot.com/entity/EVj5Gbl_wM4aDXrQK80kY9w	Сбербанк	TRUE
https://diffbot.com/entity/ET7aCYIh6PASref_IXV7gsA	Sputnik	TRUE
https://diffbot.com/entity/E5x1WxQnpMlqaCftDuOlg7g	YouTube	TRUE
https://diffbot.com/entity/EMAakygGHMUiRPfT6DPOr6Q	The Boeing Company	TRUE
https://diffbot.com/entity/E4wz9M81hN9qYisDuKjjwbw	UEFA	TRUE
https://diffbot.com/entity/EFcjmev2_MdW8ga9cgBUapg	Shell Oil Company	TRUE
https://diffbot.com/entity/Ebm4UJoSuP1esww1rsLvu9g	Meta Platforms, Inc.	TRUE
https://diffbot.com/entity/Egkp1B2fAOJ6Jj8OY8qyFIg	IKEA	TRUE
https://diffbot.com/entity/EQoW6TeKdPzyyRaUrpV1StQ	Ford Motor Company	TRUE
https://diffbot.com/entity/Eq1QwWKWePcmpBqc1CfnJDg	VTB Bank	TRUE
https://diffbot.com/entity/E4zsX2jhVMvei2NPmdceqVw	PayPal Holdings, Inc.	TRUE
https://diffbot.com/entity/EqK42EYXoPkmYuf8aFFLS1A	PepsiCo, Inc.	TRUE
https://diffbot.com/entity/Ebc1C4HaPNT-OeVqdUYaGGg	Sony	TRUE
https://diffbot.com/entity/EbbeZKCoIPYCKyFVoIGzpqw	Toyota Motor	TRUE
https://diffbot.com/entity/EJMV6TWpLN_CNqh-MTZPkTw	Amazon.com Inc.	TRUE
https://diffbot.com/entity/EnDNKf0KSPgeTNtMuYsEzgw	BBC	TRUE
https://diffbot.com/entity/Ebbyd9y_6MfugKk5cEVcGiw	.P. MOLLER MAERSK A	TRUE
https://diffbot.com/entity/E0WfaIUi8O5OJiCbVRwdj5Q	American Express Company	TRUE
https://diffbot.com/entity/EC-EsbuGMMsa9teSw2Um6Bg	Gazprom	TRUE
https://diffbot.com/entity/EI3h7WL7rPZ-ZPdQlz4nUTw	BP PLC	TRUE
https://diffbot.com/entity/E3eTKoE-kPOOdjsjC8CfU2w	The Walt Disney Company	TRUE
https://diffbot.com/entity/E7ZRKFJPxNeq0hE1FpmfKEg	Airbnb, Inc.	TRUE
https://diffbot.com/entity/E6MZu0g0yOdKD9ifoOJooLw	National Hockey League (NHL)	TRUE
https://diffbot.com/entity/Ey15gm-BjO9Wg1rtvI-wBGw	Spotify	TRUE
https://diffbot.com/entity/Emj66MnEkM4OAuGYeRYwOhA	AIRBUS	TRUE
https://diffbot.com/entity/EQ-vGCejqMn-TEhV2-uLv8A	London Stock Exchange	TRUE
https://diffbot.com/entity/EtPSXbV2rPHOKcL-GEO2pAA	Volkswagen	TRUE
https://diffbot.com/entity/EAaB4vAZKPeShuuiDRdntiQ	General Motors Company	TRUE
https://diffbot.com/entity/EKVTW0fd5M5O-_yq4T1nbhQ	NIKE, Inc.	TRUE
https://diffbot.com/entity/EDNWLdS4SO1euLCALrB3dWQ	International Olympic Committee	TRUE
https://diffbot.com/entity/Eii30NRe3MfC0uli24UdwIA	Everton Football Club	TRUE
https://diffbot.com/entity/EEUocPTqVNCGf3f-wqw6lxQ	Samsung	TRUE
https://diffbot.com/entity/EcnFmulLGNiy2gsv62tmYWQ	New York Stock Exchange	TRUE
https://diffbot.com/entity/Euz5PCdQGMAyrVa6IGiM0EQ	Coinbase Global, Inc.	TRUE
https://diffbot.com/entity/E8V7DMg4lNl2W-ZHa5qcZBQ	Premier League	TRUE
https://diffbot.com/entity/E_418c9WAP0aj14aXCRfAhA	Delta Air Lines, Inc.	TRUE
https://diffbot.com/entity/EXUuPbG3mP9yw0dY0r5hOjw	Volvo	TRUE
https://diffbot.com/entity/Eo0dieDBOMTS-QtHc-bH7mA	Adidas	TRUE
https://diffbot.com/entity/ESPTSCmzSO-GIg63oMDOBMw	London Metal Exchange	TRUE
https://diffbot.com/entity/EmarGnaNpPu-bCiCf8r3MSA	Binance	TRUE
https://diffbot.com/entity/E129H9crnMDKVb4RMVR1yeQ	Warner Bros.	TRUE
https://diffbot.com/entity/EaK6KnoMGOnS4bOuFliQ09g	OneWeb	TRUE
https://diffbot.com/entity/EsAIakfdYNbOwQ9YFDQAqgg	CD PROJEKT SA	TRUE
https://diffbot.com/entity/EJCdlOtFnMbm6AGcTut9IDA	FedEx Corporation	TRUE
https://diffbot.com/entity/EB7E-qk2xNN25-MzIIipIHg	The Coca-Cola Company	TRUE
https://diffbot.com/entity/ErsEtlKvfMPCy8onI9xfDrA	Moscow Exchange	TRUE
https://diffbot.com/entity/ETNqBRWfXMhyNV17mRAwHzQ	ROSNEFT	TRUE
https://diffbot.com/entity/EGnuda4viPsymasL5k18YDA	International Ice Hockey Federation (IIHF)	TRUE
https://diffbot.com/entity/EPN5oZc9SNKmG3OCLeukt5g	Inditex	TRUE
https://diffbot.com/entity/E-phCupl6N5WRFa66bP1sSg	Lufthansa	TRUE
https://diffbot.com/entity/EKBSsldbeNDCCbRx7p0f-fw	Nintendo	TRUE
https://diffbot.com/entity/E_GiSBcM0OsazW1oKMGmZMw	CNN	TRUE
https://diffbot.com/entity/E3yHjHC8xO8ekKOnuQsLF-A	Promsvyazbank	TRUE
https://diffbot.com/entity/EYMpki1TnO7mm971TCPV6-g	Otkritie	TRUE
https://diffbot.com/entity/EpvdhNl8yPa2vOVUsfQY_9Q	PlayStation	TRUE
https://diffbot.com/entity/ElzAZQvASMOuM9AJI0tcPYw	UNIQLO	TRUE
https://diffbot.com/entity/EAIIb8CNlMqGMgKeNiZD0rA	Alphabet Inc.	TRUE
https://diffbot.com/entity/EgPqPrlLsMWO6dMeW5dRcuA	United Parcel Service, Inc.	TRUE
https://diffbot.com/entity/ExZ5EetfQM1m4UBAm6QAWCQ	Intel	TRUE
https://diffbot.com/entity/Ex47oPmV2O5eZfVy2YPqYnQ	Exxon Mobil Corporation	TRUE
https://diffbot.com/entity/ET7J5y3CVNcGMs0nCLT-suA	MSCI Inc.	TRUE
https://diffbot.com/entity/E2ueEEL_MOwiT4yBNGHIudw	H & M Hennes & Mauritz	TRUE
https://diffbot.com/entity/EHTFbu36RNU2vLbV-yOmcfw	Amazon Web Services	TRUE
https://diffbot.com/entity/E7uWlFyiYM_6TO0aQdElQCA	Vnesheconombank	TRUE
https://diffbot.com/entity/EAXXGnK-QPDyBlWmeFqsUBQ	Nasdaq, Inc.	TRUE
https://diffbot.com/entity/EnGKoA3baOW6T80AMHazVXw	Shell Australia	TRUE
https://diffbot.com/entity/EfffCNQd2Mfyu-qibge9ahg	MSC Mediterranean Shipping Company	TRUE
https://diffbot.com/entity/EfHwtIuViMbug8__vI3vlQQ	Oracle Corporation	TRUE
https://diffbot.com/entity/EIZ_ozfG0NlKlgrzMo-DCYg	UNIVERSAL MUSIC GROUP	TRUE
https://diffbot.com/entity/EnMz7_rpWM3iX7-rkWRbepQ	BAYERISCHE MOTOREN WERKE AG (BMW AG)	TRUE
https://diffbot.com/entity/EiZCDJkD2NJyVUvoy_4vX2Q	Harley-Davidson, Inc.	TRUE
https://diffbot.com/entity/E91wUVkJZPlGDfQ_P_tsKIQ	Paramount Pictures	TRUE
https://diffbot.com/entity/Eo9FsrZUmP0ixGz4-ZuWhLQ	Equinor ASA	TRUE
https://diffbot.com/entity/EGQ0LosPgNauJMtsm0STb_Q	Zara	TRUE
https://diffbot.com/entity/EPyHxXRxlM6ugKaM_TwZbrQ	TV Rain	TRUE
https://diffbot.com/entity/Ero6j_VtDMsun_282_NskqA	Porsche	TRUE
https://diffbot.com/entity/EWthIZ4pFOR-e9cNxlq9vyQ	ASOS	TRUE
https://diffbot.com/entity/EKFPzJDuiPqKOIM7FmBh3Cg	Bloomberg News	TRUE
https://diffbot.com/entity/ESsmcBk73PXCgJ_X0jz7Feg	State Bank of India	TRUE
https://diffbot.com/entity/Ep2lqCUQbMN6Q6QTdZK5TXA	World Rugby	TRUE
https://diffbot.com/entity/EompmNImTPIug-B2PtfZOyQ	Volvo Cars	TRUE
https://diffbot.com/entity/Ec2hrurgyOEe9aun8TId58Q	LONDON STOCK EXCHANGE GROUP	TRUE
https://diffbot.com/entity/EdS03lcGPOZSzzvPE9SAJtg	Activision Blizzard, Inc.	TRUE
https://diffbot.com/entity/EBET0p1r3OAKl7h28TIsVbw	IJF - International Judo Federation	TRUE
https://diffbot.com/entity/ErYhR-Me-PJKBk96QvcXvvA	Burger King	TRUE
https://diffbot.com/entity/Eb-h4Njr-MyiDPaw4cRzoaA	Jaguar Land Rover	TRUE
https://diffbot.com/entity/Ejqb-c2jgN_yeCVngv4OrWg	DAIMLER TRUCK AG	TRUE
https://diffbot.com/entity/ENp5SK-VnM5uJhlv7GRI2Xg	Puma	TRUE
https://diffbot.com/entity/EoJ2oEVauMSaQ8_FQzt9mWQ	Amazon Prime Video	TRUE
https://diffbot.com/entity/E6LzDBin0PBu-5jrGdHD8kA	Sony Pictures Entertainment	TRUE
https://diffbot.com/entity/EJ6iFTvwlOoWXlsMWBA7zFA	Ericsson	TRUE
https://diffbot.com/entity/E6AOgCXRpN5-3m-uF2f5NNQ	Novikombank	TRUE
https://diffbot.com/entity/EN_aaZB-jOQ2Rjvjze01e8w	RUSSIAN FOOTBALL UNION	TRUE
https://diffbot.com/entity/EQTRJmZXLOn2MZ-PhKf7IKQ	Sovcombank	TRUE
https://diffbot.com/entity/E-UoOpSVCNx2JE0hxAsAfRw	RENAULT	TRUE
https://diffbot.com/entity/E1lfvbjvTOXaWDTbSYwDp1Q	Kontinental Hockey League	TRUE
https://diffbot.com/entity/EyzvIx6LIMAC2E-OG1dhQbg	Electronic Arts Inc.	TRUE
https://diffbot.com/entity/EKAlf8b6OOT-5X5mZiErwcw	Unilever	TRUE
https://diffbot.com/entity/EcyQmm_WuNmGmlJCD6cHhkQ	Эхо Москвы (Echo of Moscow)	TRUE
https://diffbot.com/entity/Ei_RJBZpWPIC4T000gmgtXg	Taiwan Semiconductor Manufacturing Company Limited (TSMC)	TRUE
https://diffbot.com/entity/EviyVFgcMMRuThcNnPpO4hQ	Samsung Electronics	TRUE
https://diffbot.com/entity/EbFKs23aHO_qdYiWKisqivA	Advanced Micro Devices, Inc.	TRUE
https://diffbot.com/entity/E6b2NHxrXNMCcH-WW8Uzb1w	DANONE	TRUE
https://diffbot.com/entity/EBL07QZizPBGAqmZ6FPZH1A	The Procter & Gamble Company	TRUE
https://diffbot.com/entity/EwGwMta79MgibMmxi2O1wYw	Bloomberg	TRUE
https://diffbot.com/entity/EZ4piKv4wOhOEwXA-o_tGKw	Dell	TRUE
https://diffbot.com/entity/ExhAmarOzNku026dUpdKVmA	BlackRock, Inc.	TRUE
https://diffbot.com/entity/ESIuw2FgROuOd2PcZUHCwqw	KPMG	TRUE
https://diffbot.com/entity/El0wZJw_cOn-MAyp_hZZ5Tw	Yandex N.V.	TRUE
https://diffbot.com/entity/EcevYtpgVMtqvl1nMY6zx0Q	Epic Games	TRUE
https://diffbot.com/entity/E6goHH2R_NOiVNDDEQvQidw	JPMorgan Chase & Co.	TRUE
https://diffbot.com/entity/EvltyqUYxOpO4umMG5Z6M6Q	Philip Morris International	TRUE
https://diffbot.com/entity/EHwOvvy1fN6OT-z0tCndNnw	Volkswagen AG	TRUE
https://diffbot.com/entity/E_zxq2tBaMF-rJRRLqjksZQ	RYANAIR HOLDINGS PLC	TRUE
https://diffbot.com/entity/EsOq_vWeRPeOFkitV0HY0HA	KLM Royal Dutch Airlines	TRUE
https://diffbot.com/entity/EUu2Ueh84OjuX-D4JGwvWag	Radio Free Europe / Radio Liberty	TRUE
https://diffbot.com/entity/Eg3jh4ROJOXyMSYKOMVdscA	Burberry Group PLC	TRUE
https://diffbot.com/entity/EetVuz_ScM8qiUPQuH0V7xQ	Nestlé	TRUE
https://diffbot.com/entity/E-EHzIgeDPEqWcaIJlKfzNw	PlayStation Store	TRUE
https://diffbot.com/entity/EK93EyhHzNvapx-8vjuT1mw	CMA CGM	TRUE
https://diffbot.com/entity/EJGOd1EZXNyWjAhULStjC6g	SEVERSTAL	TRUE
https://diffbot.com/entity/E3iSd3ZvOPlmeXqXrqYqEwA	DHL	TRUE
https://diffbot.com/entity/EYrC4GBRvMN6QlmJfWaK4Yg	British Airways	TRUE
https://diffbot.com/entity/E1LLmcqhQPtWnomD5HuK4Sw	RUSAL	TRUE
https://diffbot.com/entity/ESWd3yxfYMGOUPaMxawF8Ow	United Airlines Holdings, Inc.	TRUE
https://diffbot.com/entity/Ez4qmCilIMfKsXp5Bw9xetw	Boohoo Group plc	TRUE
https://diffbot.com/entity/E0ELhI4brMhm2ZZRDzOCMdA	Aston Martin	TRUE
https://diffbot.com/entity/E5zeGfmmdNLeNycjYFJcVLQ	PricewaterhouseCoopers	TRUE
https://diffbot.com/entity/EiyvECD8AOzGhsqy9O8yKgw	Alimentation Couche-Tard	TRUE
https://diffbot.com/entity/EvJt9L2mDN_KzRvFgP_SlvQ	WORLD WRESTLING ENTERTAINMENTINC	TRUE
https://diffbot.com/entity/EQONt8q5SPl2JykFN-cBtow	Fitch Ratings	TRUE
https://diffbot.com/entity/EzzIOp87pPESGjJW-R7MF7Q	Raiffeisen Bank International	TRUE
https://diffbot.com/entity/EtWUqdwnmOhKgreSAEnAG-Q	Finnair	TRUE
https://diffbot.com/entity/EyV-fG3OhP3id3goBoAAsxg	Carlsberg Group	TRUE
https://diffbot.com/entity/E0RG6nNnUN2i4AMucIipNRw	FTSE Russell	TRUE
https://diffbot.com/entity/E4z31YqxsPdmeF_VFVIZbCQ	Snap Inc.	TRUE
https://diffbot.com/entity/EoUgmwp9dMaqHnU5mp6Ba1g	DAIMLER AG	TRUE
https://diffbot.com/entity/E4RWvRZQJOMmWc8Lt_FSkDA	ARIANESPACE	TRUE
https://diffbot.com/entity/E1SPZVrPxP7majdClE6-Lpg	CHANEL	TRUE
https://diffbot.com/entity/E5teUcvfiNqewnWpt6uOl5Q	Hapag-Lloyd AG	TRUE
https://diffbot.com/entity/EGEM-XkioOh2Mgrt0DixG_A	Bunge Limited	TRUE
https://diffbot.com/entity/Ey-FA3KOJNy-7lPdGNtXQWg	Marks & Spencer PLC	TRUE
https://diffbot.com/entity/ETzoCoJiyPzizPifhvGZMvg	CHELSEA FC	FALSE
https://diffbot.com/entity/ENmfk1xfiOOyjCYhJ4UUJCA	BASIC NET SPA	FALSE
https://diffbot.com/entity/Ejq4cUx07PkaDvBaNEnzf9A	Come Back Alive	FALSE
https://diffbot.com/entity/EluisPVnnNcGbFrFE_s2rYw	SpaceX	FALSE
https://diffbot.com/entity/EwyAard8dM_OP5DtLW9Hz0Q	DW Deutsche Welle	FALSE
https://diffbot.com/entity/EMXpivoUwMd-E24rrNKMydQ	TUI AG	FALSE
https://diffbot.com/entity/EQPFMqc1jPHufdvSTLirQrA	Oriental Trading Company	FALSE
https://diffbot.com/entity/EZRVXclsWMdqgxlKujVT8wQ	Reuters	FALSE
https://diffbot.com/entity/E9VbwbJHkNAW866x8zTvFrA	United Press International	FALSE
https://diffbot.com/entity/Ee4pOBSXrMK2Tf73XD5Cd7g	Washington Capitals	FALSE
https://diffbot.com/entity/EFEU4usiqOYWw3nEZv8IGOA	Sovcom	FALSE
https://diffbot.com/entity/ExO3IdVHSOsy6qTDO6U4xVg	Verband der öffentlichen Wirtschaft und Gemeinwirtschaft Österreichs (VÖWG)	FALSE
https://diffbot.com/entity/EO2s71FD0P3-iKJRmAtc9vA	Vectura Group	FALSE
https://diffbot.com/entity/Euy047d8uMzm_PTLdht67SQ	GREAT WOLF RESORTS, INC.	FALSE
https://diffbot.com/entity/E6v27-_86NkK6nBKtjwGTYQ	Hi-Rez Studios	FALSE
https://diffbot.com/entity/EYzJTeVbPP7q0GUQIuL1Iwg	RIA Novosti	FALSE
https://diffbot.com/entity/ElMsTrCYtN7SYBf6yk0lPYw	Financial Times	FALSE
https://diffbot.com/entity/E_S4vtxiPPP-_iTcv2vkppA	Gazprombank	FALSE
https://diffbot.com/entity/ECwr5AStSPd2KsPyodoQ5cA	Coca-Cola HBC	FALSE
https://diffbot.com/entity/E8bydbDu_O3GYCwczxJHr6g	UNITED STATES CELLULAR CORP	FALSE
https://diffbot.com/entity/EQnVCRdkTN1mHK553D8bEtg	Stellantis	FALSE
https://diffbot.com/entity/EZnJWLEzhO3yo7YTYZUe52A	CIBER	FALSE
https://diffbot.com/entity/EIAnJz9kjOYuu5eq4ubiX5w	PDVSA	FALSE
https://diffbot.com/entity/EkEH-gVrPOY2_FogIbTjgLg	Warner Music Group Corp.	FALSE
https://diffbot.com/entity/EtJ3bBo3RNAGZlGWd2wXVaA	Pixar	FALSE
https://diffbot.com/entity/EHp-BIOlyPbO310PR7tSazQ	INTERMEDIATE CAPITAL GROUP	FALSE
https://diffbot.com/entity/EYeTuRpVDM163ojntygTMAA	Bank of Japan	FALSE
https://diffbot.com/entity/EqjiTRHhpOh6CjKpFztYHZA	FC Shakhtar Donetsk	FALSE
https://diffbot.com/entity/E28RzDa5_OuiV0Nhf58ll-A	Hyundai Motor Group	FALSE
https://diffbot.com/entity/EtvOkUTIcMBy0nSV5NLI81g	GSC Game World	FALSE
https://diffbot.com/entity/Ej6ofBlkBMxmaGv1dqK8Ygg	NTPC	FALSE
https://diffbot.com/entity/E05RU9p6cNMKVswnL4rCfsQ	Ruby Tuesday	FALSE
https://diffbot.com/entity/EhowZr5-gMae_rNGPpto-xQ	QIWI	FALSE
https://diffbot.com/entity/EKiEpjB1NM4W8BiNAHhH61A	LG Electronics	FALSE
https://diffbot.com/entity/Ew5jhzeUBOHmHJ77Zl1KQkQ	The Hollywood Reporter	FALSE
https://diffbot.com/entity/EX3s5iiZsNsOdVW0Hx-StjA	S4C Digital Networks	FALSE
https://diffbot.com/entity/EEtI2kmWlPDWq12-gw8RvjA	Metso	FALSE
https://diffbot.com/entity/Ew-NeKPZUO7eIAJl-hW4P9w	central bank	FALSE
https://diffbot.com/entity/EJ7Gj_ouoMtyQ1zFkb9_fbw	Tass	FALSE
https://diffbot.com/entity/ER4ks8bKQPv6CioPFCLAE6g	European Central Bank (ECB)	FALSE
https://diffbot.com/entity/EeGSLMfUyM5CON7nCi9X89A	CNBC	FALSE
https://diffbot.com/entity/EWYVWmIlROZCaIouhctUH9g	The Goldman Sachs Group, Inc.	FALSE
https://diffbot.com/entity/EEdQKwQggP5KmIwHknyr-YA	SOCIETE GENERALE	FALSE
https://diffbot.com/entity/EYA5eD7nANuC-lpQ8s7xsnw	Business Standard	FALSE
https://diffbot.com/entity/E8Crcg7EJMRCvvsWIlpyVjQ	International Paralympic Committee - IPC	FALSE
https://diffbot.com/entity/EdXIePUjCOB2mXWWugJLUcg	Total SE	FALSE
https://diffbot.com/entity/EJUw0rXcFNcyRgzzYlR6Stw	Liverpool FC	FALSE
https://diffbot.com/entity/Elp8qtCuYPOSrwKGD0RiCog	Norilsk Nickel	FALSE
https://diffbot.com/entity/EI6HKEAJwMlWWEoNGdJOq8A	AMUNDI	FALSE
https://diffbot.com/entity/ELm-oK7fsNgOTd-IJcKusHQ	Nord Stream AG	FALSE
https://diffbot.com/entity/EuUt29Ck_MSaRCNLBVwTs7g	KFC	FALSE
https://diffbot.com/entity/E7x8c6OpxOu2XbZGA5pdXcw	LINKEDIN CORP	FALSE
https://diffbot.com/entity/ENc9VSy6tP2O68UvA2VP1vg	Rossiya Segodnya	FALSE
https://diffbot.com/entity/EeXh8FQDnO2uCDEHhElP8jw	Asian News International (ANI)	FALSE
https://diffbot.com/entity/EQFNItC83NNOCe8BYiVWPCA	Punjab & Sind Bank	FALSE
https://diffbot.com/entity/E5y9BdM8oM4K2rldzPcFqoA	IANS India Private Limited( Indo Asian News Service)	FALSE
https://diffbot.com/entity/Esk74uLdGPzOEj0i33_YIsA	Atlantic Records	FALSE
https://diffbot.com/entity/ESf_Yho5xP6O_f5-nx-obyw	Starlink	FALSE
https://diffbot.com/entity/EyzJ7wlavOVCYT_Nw5l98pg	BBC News	FALSE
https://diffbot.com/entity/E58ahJI-6NfCxm4ah3MpPIw	Variety	FALSE
https://diffbot.com/entity/ERh_DDx0sOl2n1Uh5zFnc4g	LetterOne	FALSE
https://diffbot.com/entity/Esn15TQ4CMOSVzV32m8I10w	Voice of America - VOA	FALSE
https://diffbot.com/entity/EWTtCf7pROq-4_4BTqBCj-A	China UnionPay	FALSE
https://diffbot.com/entity/E-7c47U40OQ6bq4-IwggVLA	ESPN	FALSE
https://diffbot.com/entity/EediPGwn9PJiir6XqoIicaQ	Mitsubishi Motors	FALSE
https://diffbot.com/entity/E0JeTMfgWPMuKxvPrgj4K0w	NPR	FALSE
https://diffbot.com/entity/EUl0oW1RYOGmMMVBXLb80OQ	Air India	FALSE
https://diffbot.com/entity/EC-H4Jc-wOPuiCBG3wEk3lw	Tata Steel	FALSE
https://diffbot.com/entity/EpZUGcI30Ov2sqgDA6mCqwQ	Verge	FALSE
https://diffbot.com/entity/EvWh-EVIAOmax384o7VI7nQ	PZPN (Polski Związek Piłki Nożnej)	FALSE
https://diffbot.com/entity/EXgL6IfDzM6Wv6BhWCkYznw	PS BUSINESS PARKS INC/CA	FALSE
https://diffbot.com/entity/EeHT2USkiPqW-MKtsEX27kg	The Hill	FALSE
https://diffbot.com/entity/EwYWjWoklPgG90198IXjbdA	Evening Standard	FALSE
https://diffbot.com/entity/EX0M1zcJVNvqW8mII5KcB9Q	TechCrunch	FALSE
https://diffbot.com/entity/Eej8r6nAzOQKC4ffRUOGisA	Uralkali	FALSE
https://diffbot.com/entity/E8bEgAaqvO4aLs2ZgG36QxQ	BUSINESS WIRE	FALSE
https://diffbot.com/entity/E6juHHlJrP6m3gx76F3XGkQ	ROYAL BANK OF CANADA	FALSE
https://diffbot.com/entity/EGnDaXNvnO0Kz7uvSYOGsDw	BNY Mellon	FALSE
https://diffbot.com/entity/E9aX7GG4jMrWWqSMilUkl6g	Medium	FALSE
https://diffbot.com/entity/ED1A0PL3uO2SHCGEjdPxUnw	E.ON SE	FALSE
https://diffbot.com/entity/EXW3hOzMhP3q9t9bdWyqUgA	Sukhoi	FALSE
https://diffbot.com/entity/E-eIkm9AWM9iFZMgXmwT6_g	Circle K	FALSE
https://diffbot.com/entity/EVvvl-ndSPmO7wpg1KO6sAg	ANTI-CORRUPTION FOUNDATION (FBK)	FALSE
https://diffbot.com/entity/EKXbCw19DOw2xitchwfsyAg	FC Dynamo Kyiv	FALSE
https://diffbot.com/entity/E63mKlTpcNGWMUlc3Edutfw	BAJAJ FINANCE	FALSE
https://diffbot.com/entity/EYx2jc6SgMNm9rRAsLz-YhQ	RBK Group	FALSE
https://diffbot.com/entity/E5HkB3N8SOCKlZHFUIm1cDQ	Tech Mahindra	FALSE
https://diffbot.com/entity/EsOHLEHgsMr2bKRMnc2B_eg	IGN Entertainment	FALSE
https://diffbot.com/entity/EwGCbNl4hNqyAggSOuYOxRQ	Google News	FALSE
https://diffbot.com/entity/EHiTUYa-ZMy2yQg0_KJwwxw	Reason	FALSE
https://diffbot.com/entity/E4obtc1ZeNgaphjIUZ5I15g	Occidental Petroleum Corporation	FALSE
https://diffbot.com/entity/EfBvEhud7PhORVw9xtjKE7w	Spectris plc	FALSE
https://diffbot.com/entity/EXXU5NUo3OBmbJkEtxcT3jQ	Huobi	FALSE
https://diffbot.com/entity/EbjZmOhhHP--ydfJF53hplA	Bybit	FALSE
https://diffbot.com/entity/E626FYNwaMd6vSuNFzB5Y7g	Hindustan Unilever Limited	FALSE
https://diffbot.com/entity/EPWECRK7HNz-eYpbtJfd13g	GlobalData	FALSE
https://diffbot.com/entity/Ex1Cu3NOGNsy4t7wI8Uog2g	Hewlett Packard Enterprise	FALSE
https://diffbot.com/entity/EN5i4_zQCNSG78HrytUNwew	HBO	FALSE
https://diffbot.com/entity/EAg3OEioQPKuyeKpVDZPSvg	Stagecoach Group	FALSE
https://diffbot.com/entity/ELrO-zWrLM1u0cWxwFzTXdw	ROYAL DUTCH SHELL PLC	FALSE
https://diffbot.com/entity/EbvEDVbiCPkqlS7pJawGrfA	Inter IKEA Holding	FALSE
https://diffbot.com/entity/EeYg8BMSKMnOEQNDjHKHYyQ	POINTER TELOCATION LTD.	FALSE
https://diffbot.com/entity/EAloAB9H3NZqosiR9SKNJ0Q	AGCO Corporation	FALSE
https://diffbot.com/entity/ExzA11w7DM8e4_4LIISWdkw	Toyota Motor Russia	FALSE
https://diffbot.com/entity/ELehqYqG_Mg-4rTXg3pRHkA	ChinaDaily	FALSE
https://diffbot.com/entity/E8OffuPyWMya62MoJCy-QGA	CNH Industrial	FALSE
https://diffbot.com/entity/Esp2jXnw1OSS_s8OHwacPKA	Crunchyroll	FALSE
https://diffbot.com/entity/E4Kqv7P1cMPi5Sjd48GIjVQ	Bain Capital	FALSE
https://diffbot.com/entity/EXn6cTP7UNqaAM8wSWBfSBg	ManpowerGroup Inc.	FALSE
https://diffbot.com/entity/E3Npfp6ZJPnWcB_G-3E3Jmw	WhiteBIT	FALSE
https://diffbot.com/entity/EPR16AJkaMxOhRxa0KwXyNw	On the Issues	FALSE
https://diffbot.com/entity/EEg938aFXNlar9_5-Wl8qvg	ZAGREB STOCK EXCHANGE	FALSE
https://diffbot.com/entity/EYuSBopoUN3mrcpZ95TeKnw	Huntington Ingalls Industries, Inc.	FALSE
https://diffbot.com/entity/EOHjPiTYQOxeAK8vMcMtycA	PFC CSKA Moscow	FALSE
https://diffbot.com/entity/E649iOBmiPAqYMJ9ZkSIlyA	Kazakhstan Stock Exchange	FALSE
https://diffbot.com/entity/EtPyfZW8dOS-dSefU0MqFPg	Citadel	FALSE
https://diffbot.com/entity/EuDg4X32QOZOYWcg4uYxjeQ	Schaeffler	FALSE
https://diffbot.com/entity/EfN2o0m4HPcq579ThWsLOkg	NYSE EURONEXT	FALSE
https://diffbot.com/entity/Ew9dZQrf0NLyu0L3co4dhAw	UNIFI INC	FALSE
https://diffbot.com/entity/E1NbR9TscMfqvQdvxmBqIEg	Uzbekistan Airways	FALSE
https://diffbot.com/entity/EHnzU44-yNA2BcviRTzuoCQ	Sportsnet	FALSE
https://diffbot.com/entity/EL4_839YrNISjMd-YgHz-tw	Ghana Business News	FALSE
https://diffbot.com/entity/Eu70mY-mXM5Wa45vk_vH_iw	PETRONAS	FALSE
https://diffbot.com/entity/E77r7sDvkPpmMCc4hvmEEPQ	WinCup	FALSE
https://diffbot.com/entity/Ebdm6eoofP1OE_yf8EY0fcA	Cadogan Petroleum	FALSE
https://diffbot.com/entity/EuKfeh9HlPjiShf2JH9NZ3w	Coinberry	FALSE
https://diffbot.com/entity/Enw5TX4IKN1KCpW9jp7iZkQ	VIANT TECHNOLOGY INC.	FALSE
https://diffbot.com/entity/EfdeCQp94PkmYm2xkBVhsTQ	Country Music Association	FALSE
https://diffbot.com/entity/ETqfOmxjLPkKa52sPIoiLHA	Outotec	FALSE
https://diffbot.com/entity/EfC3aRhl5M5C6ZANSCBSfDg	MCSI INC	FALSE